{
  "lang":"en",
  "name":"pipeline",
  "version":"0.0.0",
  "spacy_version":">=3.0.9,<3.1.0",
  "description":"",
  "author":"",
  "email":"",
  "url":"",
  "license":"",
  "spacy_git_version":"Unknown",
  "vectors":{
    "width":0,
    "vectors":0,
    "keys":0,
    "name":null
  },
  "labels":{
    "tok2vec":[

    ],
    "ner":[
      "ADVICE",
      "DIAGNOSIS",
      "FOLLOW",
      "MEDICINES",
      "SYMPTOMS",
      "TESTS"
    ]
  },
  "pipeline":[
    "tok2vec",
    "ner"
  ],
  "components":[
    "tok2vec",
    "ner"
  ],
  "disabled":[

  ],
  "performance":{
    "ents_f":0.9428571429,
    "ents_p":0.9322033898,
    "ents_r":0.9537572254,
    "ents_per_type":{
      "SYMPTOMS":{
        "p":0.9272727273,
        "r":0.9357798165,
        "f":0.9315068493
      },
      "DIAGNOSIS":{
        "p":1.0,
        "r":1.0,
        "f":1.0
      },
      "TESTS":{
        "p":0.9756097561,
        "r":0.9756097561,
        "f":0.9756097561
      },
      "MEDICINES":{
        "p":0.8571428571,
        "r":0.8571428571,
        "f":0.8571428571
      },
      "ADVICE":{
        "p":0.9487179487,
        "r":0.925,
        "f":0.9367088608
      },
      "FOLLOW-UP DATE":{
        "p":0.7441860465,
        "r":0.9142857143,
        "f":0.8205128205
      }
    },
    "tok2vec_loss":312.6166242014,
    "ner_loss":844.866071172
  }
}